Name;E-mail;Subject;Message;IBAN
Tajuana Pelto;test+tajuana+pelto@sqills.com;Fight Fire With FireMeaning;To retaliate with an attack that is similar to the attack used against you.;NL81AEGO0777130888
Skye Dionne;test+skye+dionne@sqills.com;Wake Up CallMeaning;An occurance of sorts that brings a problem to somebody's attention and they realize it needs fixing.;NL79ABNA0992158788
Barbara Shepler;test+barbara+shepler@sqills.com;Hard Pill to SwallowMeaning;Something that's difficult to accept.;NL10ABNA0972997486
Parker Prete;test+parker+prete@sqills.com;A Dime a DozenMeaning;Something that is extremely common.;NL87ABNA0523991927
Hassie Caverly;test+hassie+caverly@sqills.com;Eat My HatMeaning;Having confidence in a specific outcome;NL34ABNA0627560072
Rey Camden;test+rey+camden@sqills.com;Heads UpMeaning;Used as an advanced warning. To become keenly aware.;NL14SNSB0923370648
Georgeanna Sebring;test+georgeanna+sebring@sqills.com;Long In The ToothMeaning;Old in age. Mainly used when referring to people or horses.;NL19INGB0664223183
Marvella Strauser;test+marvella+strauser@sqills.com;Head Over HeelsMeaning;Falling deeply in love with another person.;NL04ABNA0496382662
Clair Tygart;test+clair+tygart@sqills.com;Birds of a Feather Flock TogetherMeaning;People tend to associate with others who share similar interests or values.;NL66RABO0178245970
Alissa Sharrock;test+alissa+sharrock@sqills.com;Drawing a BlankMeaning;Failing to recall a memory. Unable to remember something.;NL18ABNA0419194563
Stella Dinsmore;test+stella+dinsmore@sqills.com;Poke Fun AtMeaning;Making fun of something or someone;NL90RABO0310980241
Kellie Mains;test+kellie+mains@sqills.com;Fool's GoldMeaning;Iron pyrities is a worthless mineral that resembles gold.;NL47RABO0162775006
Sanda Stelly;test+sanda+stelly@sqills.com;Like Father Like SonMeaning;Resembling one's parents in terms of appearance or behavior.;NL67ABNA0985430114
Casandra Fragale;test+casandra+fragale@sqills.com;Jack of All Trades Master of NoneMeaning;Having suitable skill in multiple things;NL48AEGO0738736360
Shaneka Flom;test+shaneka+flom@sqills.com;Quick On the DrawMeaning;Performing an action with the greatest of haste.;NL31ABNA0476819410
Carmen Barberio;test+carmen+barberio@sqills.com;Wild Goose ChaseMeaning;Futilely pursuing something that will never be attainable.;NL86ABNA0246977987
Donella Broker;test+donella+broker@sqills.com;Read 'Em and WeepMeaning;Often said by the winner in poker;NL55SNSB0934597951
Norris Weiler;test+norris+weiler@sqills.com;Jig Is UpMeaning;For a ruse or trick to be discovered;NL53INGB0677863293
Macie Cozad;test+macie+cozad@sqills.com;Playing PossumMeaning;Pretending to be dead;NL63RABO0332633358
Rochelle Norman;test+rochelle+norman@sqills.com;Know the RopesMeaning;Having a familiarity or understanding of how something works.;NL46RABO0318928146
Renaldo Perkinson;test+renaldo+perkinson@sqills.com;Par For the CourseMeaning;What you would expect to happen;NL24SNSB0965965981
Irwin Madera;test+irwin+madera@sqills.com;Cut The MustardMeaning;To cut the mustard is to meet a required standard;NL59ABNA0445328244
Linette Sanner;test+linette+sanner@sqills.com;Go For BrokeMeaning;To risk it all;NL67INGB0794921283
Dia Gaskill;test+dia+gaskill@sqills.com;When the Rubber Hits the RoadMeaning;When something is about to begin, or put to the test.;NL04ABNA0970237750
Juliet Heidel;test+juliet+heidel@sqills.com;Greased LightningMeaning;Very fast or quick.;NL90ABNA0441168423
Tameika Bradshaw;test+tameika+bradshaw@sqills.com;Keep On Truckin'Meaning;To keep going;NL22ABNA0649875526
Christena Thacker;test+christena+thacker@sqills.com;Mountain Out of a MolehillMeaning;One who escalates small things and turns them into big problems.;NL44ABNA0546115976
Berniece Mercedes;test+berniece+mercedes@sqills.com;What Am I;;NL46ABNA0201410532
Devin Cardona;test+devin+cardona@sqills.com;Shot In the DarkMeaning;An attempt that has little chance for success.;NL07SNSB0950084477
Marquis Depew;test+marquis+depew@sqills.com;Money Doesn't Grow On TreesMeaning;Suggests that money is a resource that must be earned and is not one that's easily acquired.;NL39ABNA0544810931
Ernest Almanza;test+ernest+almanza@sqills.com;Don't Look a Gift Horse In The MouthMeaning;When you receive a gift from someone;NL28ABNA0445522802
Hal Garbett;test+hal+garbett@sqills.com;Put a Sock In ItMeaning;Asking someone to be quiet or to shut up.;NL83RABO0340593303
Natalya Ellenwood;test+natalya+ellenwood@sqills.com;A Piece of CakeMeaning;A task that is simple to accomplish.;NL44DLBK0270052691
Rosette Gafford;test+rosette+gafford@sqills.com;Down And OutMeaning;(1) A term used in a boxing. (2) Someone who has become incapacitated.;NL13FRBK0299355440
Ben Rowsey;test+ben+rowsey@sqills.com;Ride Him;Usually at rodeos when cowboys are clinging to the backs of untamed horses.;NL15RABO0371461576
Florine Upham;test+florine+upham@sqills.com;Needle In a HaystackMeaning;To keep going;NL60ABNA0848289991
Laci Minier;test+laci+minier@sqills.com;Fish Out Of WaterMeaning;Someone being in a situation that they are unfamiliar or unsuited for.;NL68RABO0338575100
Charline Hanberry;test+charline+hanberry@sqills.com;Jaws of LifeMeaning;Usually this references a tool used by rescuers when they pry or cut open a car to save the occupant.;NL06ABNA0209029826
Madaline Ralls;test+madaline+ralls@sqills.com;Under Your NoseMeaning;Missing something that should be really obvious.;NL42RABO0355401382
Noma Nuckols;test+noma+nuckols@sqills.com;What Goes Up Must Come DownMeaning;Things that go up must eventually return to the earth due to gravity.;NL71ABNA0244261287
Sherry Mimms;test+sherry+mimms@sqills.com;Drive Me NutsMeaning;To greatly frustrate someone. To drive someone crazy, bonkers or bananas.;NL14ABNA0470927645
Wilfredo Rumbaugh;test+wilfredo+rumbaugh@sqills.com;Playing For KeepsMeaning;Said when things are about to get serious.;NL42ABNA0454287179
Lorelei Water;test+lorelei+water@sqills.com;My Cup of TeaMeaning;Someone or something that one finds to be agreeable or delightful.;NL15SNSB0925842966
Charlie Hartranft;test+charlie+hartranft@sqills.com;Burst Your BubbleMeaning;To ruin someone's happy moment.;NL70ABNA0430240375
Latisha Viger;test+latisha+viger@sqills.com;Down For The CountMeaning;Someone or something that looks to be defeated;NL43RABO0379970591
Lesa Bouldin;test+lesa+bouldin@sqills.com;Barking Up The Wrong TreeMeaning;To make a wrong assumption about something.;NL77MHCB0634038143
Edmund Captain;test+edmund+captain@sqills.com;Yada YadaMeaning;A way to notify a person that what they're saying is predictable or boring.;NL83SNSB0905084324
Earnest Mccullough;test+earnest+mccullough@sqills.com;Quick and DirtyMeaning;Things that are fixed with great speed, it's probably not going to work very well.;NL50ABNA0220051629
Donn Durrett;test+donn+durrett@sqills.com;Cut To The ChaseMeaning;To get to the point;NL48DLBK0285497929
Irma Kistler;test+irma+kistler@sqills.com;Swinging For the FencesMeaning;Giving something your all.;NL82ABNA0549398645